<pagescount>
	<total_html_pages>1</total_html_pages>
	<html>1</html>
	<img>18</img>
	<js>18</js>
	<css>4</css>
	<pdf>0</pdf>
	<xml>0</xml>
	<txt>0</txt>
	<fonts>5</fonts>
	<is_pretty_url>false</is_pretty_url>
	<is_ebn>false</is_ebn>
	<theme_name>WDO_theme</theme_name>
	<server_url_front_page>https://www.waybackmachinedownloader.com/website-downloader-online/scraping/files/live/bit-exo.com_mattebooka_gmail.com_a2xax7bqkpg</server_url_front_page>
	<hosted_domain>hosted_domain</hosted_domain>
</pagescount>